Landmark,Distance_mm
Glabella,8.30945349676424
Nasion,8.37446561325813
Sellion,8.02822985180904
Exocanthion Right,7.04138495503358
Exocanthion Left,6.48426800250834
Orbital Right,12.3867868944742
Orbital Left,18.0722202233526
Superius Right,8.89016599650852
Superius Left,7.99380204969806
Zygion Right,10.6895798622711
Zygion Left,12.6620230105554
Alar Curvature Right,13.609986482869
Alar Curvature Left,8.3004163392643
