{"cameraMode":{"drawMode":0,"name":"Shaded","section":"Shading Mode"},"sceneLighting":true,"audioPlay":false,"sceneViewState":{"m_AlwaysRefresh":false,"showFog":true,"showSkybox":true,"showFlares":true,"showImageEffects":true,"showParticleSystems":true,"showVisualEffectGraphs":true,"m_FxEnabled":true},"in2DMode":false,"pivot":{"x":-0.04124196618795395,"y":0.0012930090306326748,"z":0.028011439368128778},"rotation":{"x":0.12713715434074403,"y":0.047821637243032458,"z":-0.0038482733070850374,"w":0.9909045100212097},"size":0.035348888486623767,"orthographic":false}