Landmark,Distance_mm
Glabella,6.190663784240804
Nasion,9.31518284522881
Orbital Right,6.968247818876405
Orbital Left,7.678183548027287
Superius Right,7.996758515529408
Superius Left,6.200929180171827
Zygion Right,8.09488038937981
Zygion Left,8.89903943128236
Rhinion,3.82691572408226
Midphiltrum,12.156545600537144
