Landmark,Distance_mm
Glabella,8.30945349676424
Nasion,8.37446561325813
Orbital Right,5.89229803331809
Orbital Left,6.78592632398944
Superius Right,8.89016599650852
Superius Left,7.99380204969806
Zygion Right,10.6895798622711
Zygion Left,12.6553749034064
Rhinion,8.19064438128601
Midphiltrum ,16.0435307138876