{"cameraMode":{"drawMode":0,"name":"Shaded","section":"Shading Mode"},"sceneLighting":false,"audioPlay":false,"sceneViewState":{"m_AlwaysRefresh":false,"showFog":true,"showSkybox":false,"showFlares":true,"showImageEffects":true,"showParticleSystems":true,"showVisualEffectGraphs":true,"m_FxEnabled":true},"in2DMode":false,"pivot":{"x":-0.07908281683921814,"y":0.006974199786782265,"z":0.0241151824593544},"rotation":{"x":0.0029803169891238214,"y":-0.1122647225856781,"z":0.00034141071955673397,"w":0.9936972856521606},"size":0.1013319194316864,"orthographic":false}