Landmark,Distance_mm
Glabella,9.89487064004111
Nasion,7.69860648543657
Orbital Right,9.46925693298597
Orbital Left,11.411513210265
Superius Right,17.3326499318292
Superius Left,30.8792963056838
Zygion Right,41.5120469831562
Zygion Left,36.2104973885531
Rhinion,4.41626572730234
A-Point,14.0739148094184
