Landmark,Distance_mm
Glabella,5.74086746458338
Nasion,6.15578864996115
Orbital Right,8.935861024161655
Orbital Left,9.95276267022814
Superius Right,9.29627058585115
Superius Left,7.38287982405624
Zygion Right,8.012698194352768
Zygion Left,9.312971032841236
Rhinion,3.6325932275090313
Midphiltrum,12.220400243153
