Landmark,Distance_mm
Glabella,6.05039606800235
Nasion,6.07662496577122
Orbital Right,7.53856910558546
Orbital Left,6.97564765042688
Superius Right,9.08364104396057
Superius Left,7.005489227223601
Zygion Right,8.874631804973888
Zygion Left,9.391768269207496
Rhinion,4.362309231325025
Midphiltrum,15.187134852387895
