Landmark,Distance_mm
Glabella,6.28988181139397
Nasion,6.89373371845081
Rhinion,8.67132417364756
Orbital Right,10.6691039614925
Orbital Left,11.7113762647502
Superius Right,4.36136166074178
Superius Left,4.4796927624574
Zygion Right,10.7332981019194
Zygion Left,8.87474937970357
Mid-Philtrum (A-Point),17.9455704273228
