Landmark,Distance_mm
Glabella,6.18317647031449
Nasion,7.95539904718645
Sellion,7.04523750355726
Endocanthion Right,45.9705430965235
Endocanthion Left,37.6991064489162
Exocanthion Right,10.8916632340194
Exocanthion Left,11.7610382104397
Orbital Right,7.32142381458443
Orbital Left,8.05133534776589
Superius Right,8.99756595217567
Superius Left,9.65593310609936
Zygion Right,9.19884997454986
Zygion Left,9.77183143596361
Alar Curvature Right,22.057794840941
Alar Curvature Left,15.7978970361549
