Landmark,Distance_mm
Glabella,6.02751339219463
Nasion,7.43482855330968
Sellion,5.23306037879964
Endocanthion Right,28.8872664051353
Endocanthion Left,28.6943383754653
Exocanthion Right,9.49253389856104
Exocanthion Left,12.2852263519907
Orbital Right,15.0538655083881
Orbital Left,14.9937704712484
Superius Right,11.3378284809562
Superius Left,9.28816943293588
Zygion Right,9.89006751184428
Zygion Left,8.83810242536587
Alar Curvature Right,19.2161720387223
Alar Curvature Left,13.4100207715647
