Landmark,Distance_mm
Glabella,6.33371436784629
Nasion,6.9966329168805
Sellion,5.87676018302285
Endocanthion Right,27.254205304242
Endocanthion Left,32.7501798747728
Exocanthion Right,5.69030578752525
Exocanthion Left,7.82422142785581
Orbital Right,9.08907666162261
Orbital Left,9.75197837296531
Superius Right,10.7916864328739
Superius Left,10.4409527615646
Zygion Right,10.7793593643829
Zygion Left,9.52301461893686
Alar Curvature Right,24.9750800405384
Alar Curvature Left,16.6224320409925
