Landmark,Distance_mm
Glabella,6.05039606800235
Nasion,6.07662496577122
Orbital Right,7.53856910558546
Orbital Left,6.97564765042688
Superius Right,9.08364104396057
Superius Left,13.5335111564908
Zygion Right,28.4354185969031
Zygion Left,29.6227818370409
Rhinion,2.44725955545412
A-Point,23.6263053607414
