Landmark,Distance_mm
Glabella,10.6334328494655
Nasion,9.31518284522881
Orbital Right,14.425401496615
Orbital Left,12.2685376927331
Superius Right,19.654384528159
Superius Left,16.9431569682254
Zygion Right,20.0560773283478
Zygion Left,27.8373438236214
Rhinion,3.82691572408226
Apoint,24.3402565220914
