Landmark,Distance_mm
Glabella,11.5502914274599
Nasion,13.3773441223617
Orbital Right,16.7790136186431
Orbital Left,14.6470293477694
Superius Right,29.7145897075283
Superius Left,29.6520804974284
Zygion Right,22.1474737194735
Zygion Left,156.025650598705
Rhinion,4.46109520436009
A-Point,12.3573040623989
