Landmark,Distance_mm
Glabella,4.032635214473253
Nasion,9.194897107144482
Orbital Right,9.253257396970935
Orbital Left,9.317450743347232
Superius Right,8.283851812881899
Superius Left,8.693205906342528
Zygion Right,9.705890883598148
Zygion Left,9.229647961331718
Rhinion,4.46109520436009
Midphiltrum,12.3573040623989
