Landmark,Distance_mm;;;
Glabella,23.2737811369208;;;
Nasion,9.99772711932117;;;
Orbital Right,5.71320314053451;;;
Orbital Left,5.58294370595026;;;
Superius Right,6.65620819906642;;;
Superius Left,8.82894045110999;;;
Zygion Right,22.3175979789025;;;
Zygion Left,20.8782391721342;;;
Rhinion,7.97414505876061;;;
A-Point,10.9025584261053;;;
;;;
