Landmark,Distance_mm
Glabella,5.59580647139621
Nasion,6.86940439334417
Orbital Right,11.2056205305638
Orbital Left,12.4771569598466
Superius Right,12.7876546012415
Superius Left,10.4216585085973
Zygion Right,20.3883901750344
Zygion Left,28.2269860178287
Rhinion,2.71275752419549
A-Point,28.6131906800986
