{"cameraMode":{"drawMode":0,"name":"Shaded","section":"Shading Mode"},"sceneLighting":true,"audioPlay":false,"sceneViewState":{"m_AlwaysRefresh":false,"showFog":true,"showSkybox":true,"showFlares":true,"showImageEffects":true,"showParticleSystems":true,"showVisualEffectGraphs":true,"m_FxEnabled":true},"in2DMode":false,"pivot":{"x":-0.05118594318628311,"y":-0.1631631702184677,"z":0.978983998298645},"rotation":{"x":0.10633567720651627,"y":0.009147300384938717,"z":0.0014993667136877776,"w":0.9944875240325928},"size":0.5459160208702087,"orthographic":false}